Date,Adj Close,Close,High,Low,Open,Volume
2021-06-24 00:00:00+00:00,354.3987427,361.2000122,361.2000122,295,301,41848082
2021-06-25 00:00:00+00:00,357.8328247,364.7000122,413.8999939,355.4500122,387.8999939,30784367
2021-06-28 00:00:00+00:00,340.956665,347.5,361.7000122,337.2999878,357,5967165
2021-06-29 00:00:00+00:00,342.5265808,349.1000061,352,340.8500061,345,2476272
2021-06-30 00:00:00+00:00,335.8546143,342.2999878,359,341.2999878,350.75,983870
2021-07-01 00:00:00+00:00,338.4547119,344.9500122,350,333.25,342,1740419
2021-07-02 00:00:00+00:00,370.3427734,377.4500122,385,341.2999878,343,4600866
2021-07-05 00:00:00+00:00,375.8372498,383.0499878,387.8999939,366.5,381.3999939,3150274
2021-07-06 00:00:00+00:00,380.6940613,388,395.7000122,376,382.6499939,3504682
2021-07-07 00:00:00+00:00,397.7173767,405.3500061,420.7999878,378.5,384.25,5935443
2021-07-08 00:00:00+00:00,394.8720093,402.4500122,412.3999939,396.1000061,404.75,2421453
2021-07-09 00:00:00+00:00,414.2991943,422.25,426.7999878,398.0499878,400,3886823
2021-07-12 00:00:00+00:00,401.3967896,409.1000061,427,402,424.8999939,1845286
2021-07-13 00:00:00+00:00,394.4795227,402.0499878,415.5,400.3999939,411,1526457
2021-07-14 00:00:00+00:00,394.2342224,401.7999878,406.9500122,399,404.9500122,625983
2021-07-15 00:00:00+00:00,387.2679138,394.7000122,409.2999878,392.2000122,404.7000122,727281
2021-07-16 00:00:00+00:00,393.9398804,401.5,409,399.2000122,400,1023571
2021-07-19 00:00:00+00:00,386.3848572,393.7999878,404.9500122,388,399.5,1220437
2021-07-20 00:00:00+00:00,431.5678101,439.8500061,456.8999939,392,401.7000122,8324982
2021-07-22 00:00:00+00:00,432.2055054,440.5,452,411.1000061,428,9450575
2021-07-23 00:00:00+00:00,415.2803955,423.25,452.8999939,418.75,441,4378428
2021-07-26 00:00:00+00:00,397.9136353,405.5499878,424,402.6000061,424,3491888
2021-07-27 00:00:00+00:00,389.1321411,396.6000061,415.4500122,393.8500061,408,2330599
2021-07-28 00:00:00+00:00,410.8651428,418.75,424.2999878,395.5,400.4500122,4790986
2021-07-29 00:00:00+00:00,427.2015686,435.3999939,438.9500122,416.1000061,420.75,2548002
2021-07-30 00:00:00+00:00,430.9790649,439.25,443.9500122,426.7000122,432.8500061,1833069
2021-08-02 00:00:00+00:00,430.9790649,439.25,454.25,435.5,442.6499939,2478124
2021-08-03 00:00:00+00:00,427.8392944,436.0499878,446.7999878,432.2000122,443,909060
2021-08-04 00:00:00+00:00,414.0048218,421.9500122,439.75,421,439.75,1674935
2021-08-05 00:00:00+00:00,401.7892151,409.5,425,408,424.8999939,1476251
2021-08-06 00:00:00+00:00,403.7025452,411.4500122,422.5,408,410.2000122,1736766
2021-08-09 00:00:00+00:00,468.8031616,477.7999878,486.7000122,427.25,427.7000122,13161558
2021-08-10 00:00:00+00:00,480.1356812,489.3500061,559.4000244,474,481.25,20850838
2021-08-11 00:00:00+00:00,489.5058899,498.8999939,522.9000244,478.3500061,497.7999878,7578893
2021-08-12 00:00:00+00:00,481.999939,491.25,508.75,486.8500061,503.7000122,1918516
2021-08-13 00:00:00+00:00,492.3513184,501.7999878,517.4000244,494.1499939,494.1499939,2797664
2021-08-16 00:00:00+00:00,506.5291443,516.25,542,493.0499878,503.5,5838267
2021-08-17 00:00:00+00:00,487.0039063,496.3500061,523.7999878,494,515.4000244,2846613
2021-08-18 00:00:00+00:00,464.8294373,473.75,504.75,464.1000061,498.9500122,3623680
2021-08-20 00:00:00+00:00,457.5688171,466.3500061,493,463,467.6000061,2441515
2021-08-23 00:00:00+00:00,436.8170471,445.2000122,480.8999939,438.1499939,472.1499939,2657952
2021-08-24 00:00:00+00:00,441.6737976,450.1499939,456.5,440.2000122,448.6499939,2849668
2021-08-25 00:00:00+00:00,463.5048523,472.3999939,491.1499939,455.25,457,4691070
2021-08-26 00:00:00+00:00,462.6218262,471.5,484,466.1499939,475,2658679
2021-08-27 00:00:00+00:00,465.2709961,474.2000122,478.8999939,467.2000122,471,1346020
2021-08-30 00:00:00+00:00,502.9969788,512.6500244,521.7000122,483,483,5769574
2021-08-31 00:00:00+00:00,490.6832581,500.1000061,518.7999878,496.3999939,510,2502460
2021-09-01 00:00:00+00:00,489.0643616,498.4500122,513.0999756,496,500.1000061,1701574
2021-09-02 00:00:00+00:00,485.2378235,494.5499878,511,493,498.5,1525755
2021-09-03 00:00:00+00:00,515.8012695,525.7000122,538.7999878,491,496,8377452
2021-09-06 00:00:00+00:00,538.4172363,548.75,561.9000244,527.2999878,532.4000244,5941536
2021-09-07 00:00:00+00:00,538.5644531,548.9000244,560.9000244,540.5999756,550.4500122,3524987
2021-09-08 00:00:00+00:00,534.5906372,544.8499756,551.9000244,526.0999756,551.9000244,3217349
2021-09-09 00:00:00+00:00,540.1342773,550.5,571,545.2000122,545.5,4521235
2021-09-13 00:00:00+00:00,572.4638672,583.4500122,589.2999878,546,553,5695633
2021-09-14 00:00:00+00:00,561.2294312,572,596.7999878,567.2000122,587.4500122,3046264
2021-09-15 00:00:00+00:00,571.482605,582.4500122,589.2999878,567.2000122,575.4000244,3207889
2021-09-16 00:00:00+00:00,574.3280029,585.3499756,610,582.5499878,584.1500244,4361456
2021-09-17 00:00:00+00:00,559.6596069,570.4000244,592.25,560.25,589,2113066
2021-09-20 00:00:00+00:00,555.4405518,566.0999756,580,556.0999756,564,1784926
2021-09-21 00:00:00+00:00,552.2026367,562.7999878,572.7000122,547.1500244,569.7999878,2457993
2021-09-22 00:00:00+00:00,563.9768066,574.7999878,584,561.0499878,565.5999756,1786786
2021-09-23 00:00:00+00:00,564.0258179,574.8499756,587.75,572.0999756,580.4500122,1348917
2021-09-24 00:00:00+00:00,547.493103,558,578.75,555.0499878,576.7999878,1243064
2021-09-27 00:00:00+00:00,549.9459839,560.5,566.7999878,548,563.9000244,1602071
2021-09-28 00:00:00+00:00,545.776001,556.25,564.4000244,552.7000122,563,1117400
2021-09-29 00:00:00+00:00,552.644104,563.25,573.7999878,551,553,1092189
2021-09-30 00:00:00+00:00,545.3834839,555.8499756,566.7999878,554.9000244,565.4000244,628272
2021-10-01 00:00:00+00:00,551.9573975,562.5499878,571.8499756,549.2000122,551,1605653
2021-10-04 00:00:00+00:00,564.3692017,575.2000122,581.7999878,564.0499878,564.0999756,1332619
2021-10-05 00:00:00+00:00,574.2299194,585.25,589.8499756,555,575.5999756,2312586
2021-10-06 00:00:00+00:00,570.1090698,581.0499878,591.5,573,588,1145894
2021-10-07 00:00:00+00:00,640.6551514,652.9500122,689,584,585,8928123
2021-10-08 00:00:00+00:00,619.069458,630.9500122,660,627.0499878,657.5999756,2400741
2021-10-11 00:00:00+00:00,639.5267944,651.7999878,665.9500122,628.4000244,632.7999878,1912860
2021-10-12 00:00:00+00:00,638.7418823,651,660,635,651,1197495
2021-10-13 00:00:00+00:00,727.4398193,741.4000244,749,670,670,7037231
2021-10-14 00:00:00+00:00,740.9307861,755.1500244,813,718.3499756,747.7000122,5972558
2021-10-18 00:00:00+00:00,751.2330322,765.6500244,805.9500122,755,762,2396092
2021-10-19 00:00:00+00:00,684.4643555,697.5999756,773.2999878,674,771.4000244,1716466
2021-10-20 00:00:00+00:00,631.2360229,643.3499756,694,630,691.9000244,4178371
2021-10-21 00:00:00+00:00,613.3786621,625.1500244,653.4000244,601,643.2000122,2746143
2021-10-22 00:00:00+00:00,604.4989624,616.0999756,666.4500122,611.25,629.75,2566541
2021-10-25 00:00:00+00:00,592.6268921,604,626.9000244,586,618,1874816
2021-10-26 00:00:00+00:00,627.2622681,639.2999878,654.0499878,608,608,3210594
2021-10-27 00:00:00+00:00,603.468811,615.0499878,647.9000244,612,643,1718860
2021-10-28 00:00:00+00:00,655.814209,668.4000244,705.4000244,618,618,7525179
2021-10-29 00:00:00+00:00,635.5040283,647.7000122,678.0999756,637.2000122,664,2563167
2021-11-01 00:00:00+00:00,636.190918,648.4000244,669.7999878,645.2000122,653.7000122,1838861
2021-11-02 00:00:00+00:00,637.1229858,649.3499756,669.2000122,648.4000244,653,1857969
2021-11-03 00:00:00+00:00,631.4321289,643.5499878,655.4500122,635.6500244,654,1127716
2021-11-04 00:00:00+00:00,631.4321289,643.5499878,643.5499878,643.5499878,643.5499878,0
2021-11-08 00:00:00+00:00,653.7537842,666.2999878,679.75,656.6500244,669,1739351
2021-11-09 00:00:00+00:00,672.0526123,684.9500122,697.5499878,661.4000244,668,2961288
2021-11-10 00:00:00+00:00,673.7206421,686.6500244,701,676.2999878,680,1784031
2021-11-11 00:00:00+00:00,681.9133301,695,713.4000244,687,687,2305663
2021-11-12 00:00:00+00:00,667.1467285,679.9500122,703.0999756,670.2000122,701,1816218
2021-11-15 00:00:00+00:00,677.3018799,690.2999878,700,684,685.0999756,1495935
2021-11-16 00:00:00+00:00,699.1820068,712.5999756,720.9000244,692.5,695.7999878,2855058
2021-11-17 00:00:00+00:00,697.5140381,710.9000244,726,707.5999756,708.4000244,1717766
2021-11-18 00:00:00+00:00,696.6309814,710,719.9500122,690,713.7000122,2185044
2021-11-22 00:00:00+00:00,683.2379761,696.3499756,723.7999878,681.3499756,716.4000244,2997923
2021-11-23 00:00:00+00:00,724.7905884,738.7000122,749,687.9000244,690,3179965
2021-11-24 00:00:00+00:00,727.8812256,741.8499756,769.4000244,734.0499878,748.0999756,2527904
2021-11-25 00:00:00+00:00,745.6404419,759.9500122,775,745,747.9000244,2012494
2021-11-26 00:00:00+00:00,715.5675659,729.2999878,768.5,725.0499878,745,2200440
2021-11-29 00:00:00+00:00,729.5001221,743.5,747.7999878,676.2000122,725,2865447
2021-11-30 00:00:00+00:00,734.2098389,748.2999878,770.9500122,736.5499878,750,1737253
2021-12-01 00:00:00+00:00,730.6774902,744.7000122,766,741.25,758.6500244,1408465
2021-12-02 00:00:00+00:00,744.6591797,758.9500122,767,746.0499878,748.7999878,1741210
2021-12-03 00:00:00+00:00,751.9690552,766.4000244,812.5,763.4000244,767.2999878,3977053
2021-12-06 00:00:00+00:00,737.5948486,751.75,771.9500122,748.6500244,771.4000244,1219012
2021-12-07 00:00:00+00:00,746.229126,760.5499878,778,755.2000122,759.0999756,2180750
2021-12-08 00:00:00+00:00,756.8748779,771.4000244,778,763.75,772,1162024
2021-12-09 00:00:00+00:00,761.3881226,776,817.9000244,772.5999756,782,5381019
2021-12-10 00:00:00+00:00,774.4377441,789.2999878,792,775.25,777.9500122,1666681
2021-12-13 00:00:00+00:00,807.2089233,822.7000122,829.5,795.4000244,797.7000122,4051746
2021-12-14 00:00:00+00:00,784.5438843,799.5999756,839.9000244,795,822.4000244,3330102
2021-12-15 00:00:00+00:00,781.6984863,796.7000122,809.9500122,790.7000122,805.7000122,1914028
2021-12-16 00:00:00+00:00,764.8222656,779.5,807.25,776.0999756,806.9000244,1694604
2021-12-17 00:00:00+00:00,741.6176758,755.8499756,798.9000244,741.25,778.5999756,12307302
2021-12-20 00:00:00+00:00,686.083313,699.25,755.2999878,690,753,3720125
2021-12-21 00:00:00+00:00,695.9440918,709.2999878,728.75,704.2000122,714,1682321
2021-12-22 00:00:00+00:00,682.9926147,696.0999756,723,694,714.7999878,1580443
2021-12-23 00:00:00+00:00,685.3474731,698.5,711,691.9000244,702.9000244,1653715
2021-12-24 00:00:00+00:00,699.3292236,712.75,717.7999878,680.1500244,703.75,2108002
2021-12-27 00:00:00+00:00,691.2835693,704.5499878,716,694.4000244,712,1256299
2021-12-28 00:00:00+00:00,715.1259766,728.8499756,732,705.5,708.5,1299478
2021-12-29 00:00:00+00:00,696.0423584,709.4000244,734.5999756,706.25,730,1025937
2021-12-30 00:00:00+00:00,709.5334473,723.1500244,727.7000122,709.75,709.7999878,939497
2021-12-31 00:00:00+00:00,729.5492554,743.5499878,748.7000122,722,725,1533044
2022-01-03 00:00:00+00:00,726.6057129,740.5499878,750,736.5499878,743.5499878,801634
2022-01-04 00:00:00+00:00,739.949646,754.1500244,778.75,744,745,2515125
2022-01-05 00:00:00+00:00,724.5452881,738.4500122,755,736,753,859528
2022-01-06 00:00:00+00:00,718.5109863,732.2999878,735,718,732,1238144
2022-01-07 00:00:00+00:00,720.3262329,734.1500244,744.4000244,727.1500244,735.0999756,802851
2022-01-10 00:00:00+00:00,725.5755615,739.5,747.7999878,733.9000244,738,893975
2022-01-11 00:00:00+00:00,741.862915,756.0999756,769,740,740,1570079
2022-01-12 00:00:00+00:00,745.100769,759.4000244,776.0999756,741,763,2075189
2022-01-13 00:00:00+00:00,737.5948486,751.75,759.4000244,746,759,805465
2022-01-14 00:00:00+00:00,742.0100708,756.25,766,745.1500244,748.9500122,605337
2022-01-17 00:00:00+00:00,755.746521,770.25,794.7999878,762,763,1816236
2022-01-18 00:00:00+00:00,756.1880493,770.7000122,789.7999878,764,774,1800340
2022-01-19 00:00:00+00:00,725.4282837,739.3499756,770.9500122,737.0499878,770.9500122,1244871
2022-01-20 00:00:00+00:00,722.2886353,736.1500244,744.7999878,720,739.2999878,1261565
2022-01-21 00:00:00+00:00,688.928772,702.1500244,724.7999878,693.1500244,720.0499878,2285011
2022-01-24 00:00:00+00:00,638.8890991,651.1500244,703.9000244,606.7999878,703.9000244,5574120
2022-01-25 00:00:00+00:00,615.4391479,627.25,646.7999878,616.7999878,631.3499756,3610984
2022-01-27 00:00:00+00:00,591.5476074,602.9000244,621.7999878,600,615,3135738
2022-01-28 00:00:00+00:00,613.6730347,625.4500122,656,611.25,611.5,3524513
2022-01-31 00:00:00+00:00,630.2547607,642.3499756,649.8499756,635.5,643,1175644
2022-02-01 00:00:00+00:00,651.3991089,663.9000244,669.0499878,643,653.5999756,1886495
2022-02-02 00:00:00+00:00,662.9277954,675.6500244,679.9000244,640,640,2360278
2022-02-03 00:00:00+00:00,673.5244751,686.4500122,699.5,670.2999878,680.5,1969604
2022-02-04 00:00:00+00:00,669.2072754,682.0499878,689.5,667.7999878,688,895020
2022-02-07 00:00:00+00:00,647.4252319,659.8499756,683.7000122,655,680.9500122,846598
2022-02-08 00:00:00+00:00,613.6239014,625.4000244,671.7000122,622.0499878,668.25,1824482
2022-02-09 00:00:00+00:00,635.8474731,648.0499878,650,627.7000122,635.5,995602
2022-02-10 00:00:00+00:00,630.9415283,643.0499878,655.7000122,637.2000122,651.7000122,447740
2022-02-11 00:00:00+00:00,620.5974121,631.75,637.9000244,627.5,632,658919
2022-02-14 00:00:00+00:00,592.944397,603.5999756,621.9000244,568.5499878,568.5499878,1723385
2022-02-15 00:00:00+00:00,640.8337402,652.3499756,659.7000122,595.5999756,621,1867264
2022-02-16 00:00:00+00:00,639.7531738,651.25,667.6500244,642.4000244,660,1181020
2022-02-17 00:00:00+00:00,645.5491333,657.1500244,663.6500244,650,652.5999756,886645
2022-02-18 00:00:00+00:00,645.0087891,656.5999756,663,644.0499878,647,622948
2022-02-21 00:00:00+00:00,644.6158447,656.2000122,665,632,646,1012168
2022-02-22 00:00:00+00:00,623.0533447,634.25,651.7999878,615,615,1054831
2022-02-23 00:00:00+00:00,626.295105,637.5499878,652.1500244,634.0499878,642.7000122,484541
2022-02-24 00:00:00+00:00,585.3803101,595.9000244,619,582,605,2836671
2022-02-25 00:00:00+00:00,638.4761963,649.9500122,656,609.9500122,620,1181586
2022-02-28 00:00:00+00:00,624.8707275,636.0999756,640.9500122,615,637.5999756,1566616
2022-03-02 00:00:00+00:00,610.8231812,621.7999878,642.2999878,618,621,931155
2022-03-03 00:00:00+00:00,593.5829468,604.25,636,602.5,630,1293754
2022-03-04 00:00:00+00:00,579.3880005,589.7999878,610,581.5999756,599.9000244,1918007
2022-03-07 00:00:00+00:00,562.3442993,572.4500122,583.8499756,553,560.5,2575682
2022-03-08 00:00:00+00:00,559.4464722,569.5,589.5999756,562.9500122,577.7999878,1159673
2022-03-09 00:00:00+00:00,563.0319214,573.1500244,578.3499756,566.2000122,576,1195925
2022-03-10 00:00:00+00:00,591.7164307,602.3499756,613.5,592,593.1500244,1709998
2022-03-11 00:00:00+00:00,605.8131714,616.7000122,620,595.7000122,603,828712
2022-03-14 00:00:00+00:00,602.1293945,612.9500122,623.9500122,608.9500122,620,640797
2022-03-15 00:00:00+00:00,620.6956787,631.8499756,644.6500244,612.5,616,1877698
2022-03-16 00:00:00+00:00,633.1224365,644.5,654.7999878,635.0999756,643,926758
2022-03-17 00:00:00+00:00,672.4161987,684.5,698.7000122,651.0499878,661,1850118
2022-03-21 00:00:00+00:00,662.69104,674.5999756,706.5999756,672.0999756,694.8499756,1255407
2022-03-22 00:00:00+00:00,656.4039917,668.2000122,678.8499756,652,676.25,1176575
2022-03-23 00:00:00+00:00,677.180603,689.3499756,694.1500244,670.5999756,675.0999756,1372047
2022-03-24 00:00:00+00:00,663.2804565,675.2000122,686.8499756,671.0999756,684,527577
2022-03-25 00:00:00+00:00,650.6572876,662.3499756,684.4000244,660,680,601930
2022-03-28 00:00:00+00:00,647.1699219,658.7999878,672.5499878,654,669.7999878,891747
2022-03-29 00:00:00+00:00,651.394043,663.0999756,678.7999878,659.8499756,664,930464
2022-03-30 00:00:00+00:00,665.7854614,677.75,700,662,672.2999878,943762
2022-03-31 00:00:00+00:00,667.4555054,679.4500122,688.9000244,672,685,696997
2022-04-01 00:00:00+00:00,645.156189,656.75,679.4000244,654.0499878,674.8499756,1720968
2022-04-04 00:00:00+00:00,651.2957764,663,668.4000244,659.0499878,663.7000122,666813
2022-04-05 00:00:00+00:00,665.2942505,677.25,683.2999878,662.2999878,671.25,1419194
2022-04-06 00:00:00+00:00,656.1584473,667.9500122,676.4000244,666,672,597461
2022-04-07 00:00:00+00:00,638.0342407,649.5,667.3499756,646,667.2999878,841032
2022-04-08 00:00:00+00:00,643.3880005,654.9500122,664.25,644.7000122,652,654966
2022-04-11 00:00:00+00:00,636.4133301,647.8499756,661.25,645,657.7999878,840097
2022-04-12 00:00:00+00:00,619.4677734,630.5999756,648.7999878,628.75,645,560583
2022-04-13 00:00:00+00:00,609.9390259,620.9000244,638.9000244,619.0499878,634.7000122,563403
2022-04-18 00:00:00+00:00,611.5598145,622.5499878,629.9500122,610.9000244,613.5,578215
2022-04-19 00:00:00+00:00,622.1200562,633.2999878,653.7999878,625.2999878,625.9500122,1199844
2022-04-20 00:00:00+00:00,649.87146,661.5499878,664,638.2000122,642,1498343
2022-04-21 00:00:00+00:00,652.9658203,664.7000122,668.8499756,652.3499756,666.7000122,689551
2022-04-22 00:00:00+00:00,659.4002075,671.25,683.3499756,648.0999756,656.7000122,1153895
2022-04-25 00:00:00+00:00,654.9796143,666.75,679.7999878,654.9500122,664.0999756,1015207
2022-04-26 00:00:00+00:00,662.69104,674.5999756,688,669.3499756,676,977933
2022-04-27 00:00:00+00:00,645.3526611,656.9500122,669,651,665,1121708
2022-04-28 00:00:00+00:00,640.7355957,652.25,664.4000244,649,661.7999878,484866
2022-04-29 00:00:00+00:00,624.3303223,635.5499878,658.5,630.9500122,656,473280
2022-05-02 00:00:00+00:00,622.6604004,633.8499756,639.7999878,621.5,627,407152
2022-05-04 00:00:00+00:00,600.2628784,611.0499878,638.4000244,606.0999756,634.9000244,569404
2022-05-05 00:00:00+00:00,603.0134277,613.8499756,635.5999756,611.25,622,581135
2022-05-06 00:00:00+00:00,584.5944214,595.0999756,619.0499878,590.5,612.5,1737332
2022-05-09 00:00:00+00:00,590.0465698,600.6500244,608.7999878,576.0499878,586.4500122,992665
2022-05-10 00:00:00+00:00,561.7548828,571.8499756,614.5,568.5,604.9500122,1106500
2022-05-11 00:00:00+00:00,552.9138184,562.8499756,589.2999878,543.25,576.9000244,1327842
2022-05-12 00:00:00+00:00,558.9061279,568.9500122,577.9500122,552.3499756,562.8499756,1497236
2022-05-13 00:00:00+00:00,559.1516724,569.2000122,588,561.0499878,577.9500122,914750
2022-05-16 00:00:00+00:00,544.6130371,554.4000244,578,551.0999756,572.2000122,562176
2022-05-17 00:00:00+00:00,576.9321899,587.2999878,592.7000122,558.25,559.7000122,1061209
2022-05-18 00:00:00+00:00,552.2752075,562.2000122,586.4000244,559.9000244,586,794398
2022-05-19 00:00:00+00:00,527.765686,537.25,554.5499878,526.5,550,1686255
2022-05-20 00:00:00+00:00,545.4971313,555.2999878,573,549,550,1149255
2022-05-23 00:00:00+00:00,529.5339355,539.0499878,570.7999878,536.8499756,555,1047932
2022-05-24 00:00:00+00:00,540.8309326,550.5499878,554.4500122,540.7000122,545,461334
2022-05-25 00:00:00+00:00,523.885376,533.2999878,554.3499756,530.0499878,548.5,527089
2022-05-26 00:00:00+00:00,525.06427,534.5,544.0999756,519.0499878,537,580401
2022-05-27 00:00:00+00:00,528.4534302,537.9500122,544.4000244,531.2000122,541.2000122,711093
2022-05-30 00:00:00+00:00,539.6521606,549.3499756,553.9000244,541.5499878,544.75,469648
2022-05-31 00:00:00+00:00,547.5600586,557.4000244,578,541.7000122,548,1369582
2022-06-01 00:00:00+00:00,561.8040771,571.9000244,574.9500122,554,556.9000244,640133
2022-06-02 00:00:00+00:00,563.0810547,573.2000122,575.9000244,560.3499756,567.4000244,338945
2022-06-03 00:00:00+00:00,562.8845215,573,589,569.5,578,744038
2022-06-06 00:00:00+00:00,568.0419312,578.25,582.5999756,568.2999878,572,623473
2022-06-07 00:00:00+00:00,576.4901123,586.8499756,590,568.0499878,573.75,542790
2022-06-08 00:00:00+00:00,584.6436157,595.1500244,600.5,579,589.4000244,1617768
2022-06-09 00:00:00+00:00,583.513855,594,599.4000244,587.7000122,587.7000122,820716
2022-06-10 00:00:00+00:00,590.930603,601.5499878,609,585.5499878,588.9000244,1013739
2022-06-13 00:00:00+00:00,590.6849976,601.2999878,603.5,575.5,586,688622
2022-06-14 00:00:00+00:00,587.3452148,597.9000244,606,586.2999878,593,624706
2022-06-15 00:00:00+00:00,589.0149536,599.5999756,605.9000244,595,599.75,382991
2022-06-16 00:00:00+00:00,559.4464722,569.5,608.2000122,565,608.2000122,614077
2022-06-17 00:00:00+00:00,556.7941284,566.7999878,584.75,551.25,569,711925
2022-06-20 00:00:00+00:00,537.7365723,547.4000244,572.2999878,540.2999878,565,835391
2022-06-21 00:00:00+00:00,552.3735962,562.2999878,569.6500244,550.9000244,550.9000244,488006
2022-06-22 00:00:00+00:00,530.3198242,539.8499756,562,536.5,562,714472
2022-06-23 00:00:00+00:00,545.9881592,555.7999878,573.75,542.75,543.9000244,1214419
2022-06-24 00:00:00+00:00,569.8101196,580.0499878,584.4000244,562,564.3499756,786721
2022-06-27 00:00:00+00:00,571.4801636,581.75,592.2000122,578.6500244,592.2000122,452498
2022-06-28 00:00:00+00:00,558.2184448,568.25,582.7999878,565.2000122,582.7999878,451025
2022-06-29 00:00:00+00:00,550.171936,559.2999878,567.8499756,557,564.1500244,413427
2022-06-30 00:00:00+00:00,544.7617798,553.7999878,564.9000244,552,560,714487
2022-07-01 00:00:00+00:00,558.4349365,567.7000122,570,547,551.0999756,352045
2022-07-04 00:00:00+00:00,558.7300415,568,573.7000122,564.8499756,568.7000122,259032
2022-07-05 00:00:00+00:00,550.9589233,560.0999756,575.9000244,557.1500244,570.4000244,279933
2022-07-06 00:00:00+00:00,559.2710571,568.5499878,574.7000122,556.4500122,558,546867
2022-07-07 00:00:00+00:00,557.5987549,566.8499756,579,563.2000122,577,587293
2022-07-08 00:00:00+00:00,558.1889648,567.4500122,576.4000244,562.75,569,287332
2022-07-11 00:00:00+00:00,567.3372192,576.75,578.7999878,562,566.0999756,305882
2022-07-12 00:00:00+00:00,560.9433594,570.25,574.0999756,563,574.0999756,503229
2022-07-13 00:00:00+00:00,571.2227173,580.7000122,584.3499756,571.0999756,573.2000122,1022214
2022-07-14 00:00:00+00:00,565.5666504,574.9500122,586.6500244,567.25,582.7999878,340303
2022-07-15 00:00:00+00:00,560.894104,570.2000122,576.0999756,566.75,572.5,382733
2022-07-18 00:00:00+00:00,560.7957764,570.0999756,578.3499756,568.5999756,575,380407
2022-07-19 00:00:00+00:00,560.5990601,569.9000244,577.6500244,566.8499756,571.75,277087
2022-07-20 00:00:00+00:00,563.3532104,572.7000122,586.7999878,570,578.5,481299
2022-07-21 00:00:00+00:00,569.3537598,578.7999878,584,572.0499878,576.3499756,491512
2022-07-22 00:00:00+00:00,565.812561,575.2000122,583.5,573,582.9000244,625301
2022-07-25 00:00:00+00:00,560.5990601,569.9000244,576.9500122,562.4000244,576.9000244,410441
2022-07-26 00:00:00+00:00,543.8272095,552.8499756,565.9000244,549.7000122,565.9000244,692010
2022-07-27 00:00:00+00:00,541.0237427,550,556.9500122,545.9000244,555.2000122,416401
2022-07-28 00:00:00+00:00,554.4509277,563.6500244,566.4000244,550.5,557.4000244,439012
2022-07-29 00:00:00+00:00,559.0742188,568.3499756,575.7999878,547.6500244,550,1036849
2022-08-01 00:00:00+00:00,586.4697876,596.2000122,604,565.9000244,571.4000244,1906169
2022-08-02 00:00:00+00:00,577.3215332,586.9000244,601.4500122,584.9000244,596.2000122,677706
2022-08-03 00:00:00+00:00,575.4525146,585,590.25,579,590.25,283997
2022-08-04 00:00:00+00:00,566.5994263,576,607,574,588.9000244,1081124
2022-08-05 00:00:00+00:00,548.5489502,557.6500244,581.6500244,554.5,576,898065
2022-08-08 00:00:00+00:00,552.3361206,561.5,571.5499878,558,563.5,499586
2022-08-10 00:00:00+00:00,558.1398315,567.4000244,573.7000122,562.25,566.9000244,689194
2022-08-11 00:00:00+00:00,552.8771362,562.0499878,575.9000244,559.0999756,574.4000244,389471
2022-08-12 00:00:00+00:00,560.5496826,569.8499756,572.4500122,557.5499878,562.0499878,397496
2022-08-16 00:00:00+00:00,561.041626,570.3499756,574.5999756,558.3499756,574.5,954535
2022-08-17 00:00:00+00:00,530.3015747,539.0999756,576,528.2999878,574.7000122,4916238
2022-08-18 00:00:00+00:00,509.6443176,518.0999756,534.5,507.2000122,521.5999756,59249131
2022-08-19 00:00:00+00:00,512.3494873,520.8499756,529.5,519.0499878,525,7051059
2022-08-22 00:00:00+00:00,514.9562988,523.5,532.2999878,516.0499878,521.1500244,5928548
2022-08-23 00:00:00+00:00,524.0061035,532.7000122,537.7000122,518.2000122,523.5,10059261
2022-08-24 00:00:00+00:00,518.9893188,527.5999756,537.3499756,524.25,535,2350280
2022-08-25 00:00:00+00:00,515.3497925,523.9000244,532.7000122,521.8499756,529.9500122,1721705
2022-08-26 00:00:00+00:00,522.1370239,530.7999878,535.6500244,521.3499756,526.7000122,3274520
2022-08-29 00:00:00+00:00,510.6280518,519.0999756,525.3499756,516,516.6500244,2278442
2022-08-30 00:00:00+00:00,513.4807129,522,524.9000244,520,523.4500122,1590405
2022-09-01 00:00:00+00:00,518.3499146,526.9500122,528.4000244,518,518.7999878,2096736
2022-09-02 00:00:00+00:00,515.4481201,524,528.5499878,520.2000122,526,1200849
2022-09-05 00:00:00+00:00,514.1693115,522.7000122,528.5,520.5999756,523.0999756,1129613
2022-09-06 00:00:00+00:00,511.3167114,519.7999878,525.5,517,523.5499878,1034390
2022-09-07 00:00:00+00:00,518.3007813,526.9000244,533.3499756,517.2000122,517.2000122,1508878
2022-09-08 00:00:00+00:00,516.7267456,525.2999878,532.3499756,524,530,905092
2022-09-09 00:00:00+00:00,518.3991089,527,532.9500122,524.3499756,529,1164759
2022-09-12 00:00:00+00:00,517.1694946,525.75,531,524.7000122,528.7999878,1272764
2022-09-13 00:00:00+00:00,535.2200317,544.0999756,548.4000244,526.5499878,529.7000122,4624251
2022-09-14 00:00:00+00:00,520.3664551,529,538.7999878,528,534.1500244,2033856
2022-09-15 00:00:00+00:00,517.6121826,526.2000122,533.4000244,524,532.7999878,977265
2022-09-16 00:00:00+00:00,507.0376282,515.4500122,525.6500244,508.1000061,525,1525714
2022-09-19 00:00:00+00:00,506.5950012,515,519.8499756,513.0499878,516.5,2096604
2022-09-20 00:00:00+00:00,506.2014465,514.5999756,524.5,513.1500244,517.5999756,736927
2022-09-21 00:00:00+00:00,489.7740479,497.8999939,517.0499878,486.2000122,514.5,2126465
2022-09-22 00:00:00+00:00,471.3300476,479.1499939,499.6499939,468.6499939,499,5021056
2022-09-23 00:00:00+00:00,467.2478027,475,493.8999939,469.4500122,482.0499878,2880334
2022-09-26 00:00:00+00:00,460.509613,468.1499939,475,462.3999939,474.8999939,1773741
2022-09-27 00:00:00+00:00,457.0175476,464.6000061,480.6000061,460.6499939,475,1161414
2022-09-28 00:00:00+00:00,454.6567383,462.2000122,473.7999878,458.1000061,461,1110128
2022-09-29 00:00:00+00:00,461.1981812,468.8500061,472.3500061,463.5,465.3999939,766933
2022-09-30 00:00:00+00:00,456.1813965,463.75,468.9500122,455.25,468.8500061,1474819
2022-10-03 00:00:00+00:00,452.0991516,459.6000061,466.8999939,453,463.75,1075149
2022-10-04 00:00:00+00:00,461.0014343,468.6499939,472.9500122,460,465.0499878,1823809
2022-10-06 00:00:00+00:00,466.4116516,474.1499939,484.1499939,470.3500061,471,991262
2022-10-07 00:00:00+00:00,463.8049316,471.5,477.75,468.1000061,473.5,712017
2022-10-10 00:00:00+00:00,457.7060547,465.2999878,469.2999878,464,466,458055
2022-10-11 00:00:00+00:00,453.5254517,461.0499878,471,459,467,561126
2022-10-12 00:00:00+00:00,455.3944397,462.9500122,465.5499878,455.25,461.5,458927
2022-10-13 00:00:00+00:00,452.984436,460.5,465.75,456.2999878,462.9500122,350358
2022-10-14 00:00:00+00:00,452.3942261,459.8999939,469.9500122,458.1000061,469.8999939,480156
2022-10-17 00:00:00+00:00,452.5417786,460.0499878,466.0499878,454.1499939,459.3999939,520984
2022-10-18 00:00:00+00:00,456.9191589,464.5,467.5,459.6000061,462.0499878,686749
2022-10-19 00:00:00+00:00,477.6256104,485.5499878,489,465,465,2722881
2022-10-20 00:00:00+00:00,476.2976685,484.2000122,497.0499878,479,479,1226234
2022-10-21 00:00:00+00:00,469.6086121,477.3999939,490.2999878,473.1000061,486.7999878,925647
2022-10-24 00:00:00+00:00,469.6086121,477.3999939,477.3999939,477.3999939,477.3999939,0
2022-10-25 00:00:00+00:00,474.2810669,482.1499939,493.5,480.4500122,483.6000061,714531
2022-10-27 00:00:00+00:00,470.936615,478.75,487.6000061,477,484,474318
2022-10-28 00:00:00+00:00,456.624054,464.2000122,482.3500061,461.3500061,481.1499939,838347
2022-10-31 00:00:00+00:00,457.8044739,465.3999939,475.75,460.75,472,1420328
2022-11-01 00:00:00+00:00,466.9527283,474.7000122,485.8999939,467.2000122,467.75,1789945
2022-11-02 00:00:00+00:00,463.1163635,470.7999878,477.7999878,467.4500122,475.2000122,780153
2022-11-03 00:00:00+00:00,458.5422058,466.1499939,470.6000061,465,469.9500122,486106
2022-11-04 00:00:00+00:00,453.3778992,460.8999939,471.8500061,460.1000061,468.5,782112
2022-11-07 00:00:00+00:00,452.0007629,459.5,466.6499939,458,463.6499939,697925
2022-11-09 00:00:00+00:00,451.853241,459.3500061,464.7000122,453.6499939,463,1012733
2022-11-10 00:00:00+00:00,448.0660706,455.5,458.9500122,451,458.5,825030
2022-11-11 00:00:00+00:00,450.6727905,458.1499939,464.6000061,456.5499878,460,637913
2022-11-14 00:00:00+00:00,447.8201294,455.25,463.4500122,454,459.4500122,597332
2022-11-15 00:00:00+00:00,441.2294922,448.5499878,457.5499878,445.2999878,457.5499878,1041576
2022-11-16 00:00:00+00:00,439.3113403,446.6000061,450.7000122,443.2000122,445.2999878,827672
2022-11-17 00:00:00+00:00,437.8849487,445.1499939,449.7999878,438.1499939,446,1107407
2022-11-18 00:00:00+00:00,438.3768311,445.6499939,456.8999939,442,446,845530
2022-11-21 00:00:00+00:00,430.6549377,437.7999878,446.7999878,435,443,648285
2022-11-22 00:00:00+00:00,428.9334717,436.0499878,439.9500122,432.3500061,438.9500122,437919
2022-11-23 00:00:00+00:00,422.3920288,429.3999939,441.9500122,426.2999878,438,679720
2022-11-24 00:00:00+00:00,438.7210693,446,456,427.3999939,430.8999939,1627143
2022-11-25 00:00:00+00:00,435.3273926,442.5499878,446.5,438.3999939,446,730082
2022-11-28 00:00:00+00:00,443.5411377,450.8999939,454,439.7000122,441.7999878,888688
2022-11-29 00:00:00+00:00,443.1968079,450.5499878,453.9500122,447.1000061,451.2000122,864644
2022-11-30 00:00:00+00:00,447.0331421,454.4500122,461.3500061,450.5,452.8500061,1169346
2022-12-01 00:00:00+00:00,455.6403809,463.2000122,465.2999878,454.2000122,458.7000122,1278107
2022-12-02 00:00:00+00:00,454.5091248,462.0499878,467.8999939,458.5,463.1499939,1217995
2022-12-05 00:00:00+00:00,452.3450928,459.8500061,463.7999878,457,463.7999878,727687
2022-12-06 00:00:00+00:00,452.3450928,459.8500061,463.5499878,456.9500122,457.5,420514
2022-12-07 00:00:00+00:00,452.5909424,460.1000061,461.7999878,456.0499878,461,384704
2022-12-08 00:00:00+00:00,441.573761,448.8999939,461.75,446.4500122,460.1000061,927236
2022-12-09 00:00:00+00:00,430.999176,438.1499939,456.75,437,450.5,614169
2022-12-12 00:00:00+00:00,430.2122803,437.3500061,440,430.0499878,440,489233
2022-12-13 00:00:00+00:00,442.5574036,449.8999939,452,438.3999939,438.8999939,933723
2022-12-14 00:00:00+00:00,471.3792725,479.2000122,483.2999878,452,452,2354167
2022-12-15 00:00:00+00:00,456.2305603,463.7999878,483.5499878,461.5,483,1195554
2022-12-16 00:00:00+00:00,445.1149597,452.5,461.3999939,451.2000122,461.3999939,731978
2022-12-19 00:00:00+00:00,450.7711487,458.25,466,449.0499878,453,927631
2022-12-20 00:00:00+00:00,445.901947,453.2999878,460.4500122,451.25,457.5499878,400423
2022-12-21 00:00:00+00:00,428.7859192,435.8999939,456.6499939,432.1499939,454.25,1000645
2022-12-22 00:00:00+00:00,416.2440491,423.1499939,438.8999939,421.2999878,438,940087
2022-12-23 00:00:00+00:00,394.0128479,400.5499878,421.9500122,399.3500061,421,1400061
2022-12-26 00:00:00+00:00,403.9972229,410.7000122,417.8500061,398.0499878,403,1217228
2022-12-27 00:00:00+00:00,417.2276611,424.1499939,425.5,411,414.7000122,685653
2022-12-28 00:00:00+00:00,412.063385,418.8999939,429.7000122,418,422.5,634721
2022-12-29 00:00:00+00:00,409.5550232,416.3500061,423.8500061,410.8999939,415.7000122,672200
2022-12-30 00:00:00+00:00,412.6535645,419.5,428.3999939,416.6499939,421.1000061,624097
2023-01-02 00:00:00+00:00,412.3584595,419.2000122,424.7000122,417.8500061,422.7000122,280976
2023-01-03 00:00:00+00:00,408.6697083,415.4500122,425.1499939,414.5499878,419.2999878,556703
2023-01-04 00:00:00+00:00,403.6037292,410.2999878,417.7000122,409.0499878,417,641742
2023-01-05 00:00:00+00:00,408.2270508,415,418.6000061,407.3500061,413.2000122,618502
2023-01-06 00:00:00+00:00,410.6861877,417.5,429.25,410.7999878,416.2999878,1544225
2023-01-09 00:00:00+00:00,415.6045837,422.5,425.3500061,416.5,420,888013
2023-01-10 00:00:00+00:00,440.1474304,447.4500122,458.7999878,432,446,9739902
2023-01-11 00:00:00+00:00,420.2279663,427.2000122,453.7000122,425.2999878,453.7000122,3476828
2023-01-12 00:00:00+00:00,421.4575195,428.4500122,435.75,425.5,429.75,1427849
2023-01-13 00:00:00+00:00,418.703186,425.6499939,429.8999939,417.2000122,429.8999939,1278612
2023-01-16 00:00:00+00:00,413.6864319,420.5499878,430.9500122,419.1000061,428.5,578596
2023-01-17 00:00:00+00:00,411.5223389,418.3500061,422.7999878,416.1000061,422.7999878,638196
2023-01-18 00:00:00+00:00,413.3913574,420.25,421,416.25,418.3500061,659637
2023-01-19 00:00:00+00:00,407.2924805,414.0499878,419.8999939,411,417,899465
2023-01-20 00:00:00+00:00,401.2921143,407.9500122,416,407.1000061,416,641090
2023-01-23 00:00:00+00:00,410.9321289,417.75,419,409.0499878,409.8999939,481372
2023-01-24 00:00:00+00:00,425.5397644,432.6000061,436,416.3999939,419.8999939,1309441
2023-01-25 00:00:00+00:00,447.5742188,455,461,436.6000061,441,5392461
2023-01-27 00:00:00+00:00,444.2297058,451.6000061,464.8500061,445,455.75,2139821
2023-01-30 00:00:00+00:00,434.4420776,441.6499939,454.8999939,438.4500122,453,1194183
2023-01-31 00:00:00+00:00,442.6557922,450,455,443.4500122,444.5,1012769
2023-02-01 00:00:00+00:00,449.098877,456.5499878,469.6000061,441,453.1000061,2373206
2023-02-02 00:00:00+00:00,443.7378845,451.1000061,460.4500122,447.2999878,455,1345041
2023-02-03 00:00:00+00:00,438.7857056,444.7999878,454,442.5,454,724849
2023-02-06 00:00:00+00:00,466.3681335,471.3999939,477.8999939,441,441,3185014
2023-02-07 00:00:00+00:00,453.111145,458,475,450,473.7000122,1520621
2023-02-08 00:00:00+00:00,463.8948059,468.8999939,473.5,458.5,459,1125693
2023-02-09 00:00:00+00:00,459.9375,464.8999939,470.3500061,456.1499939,465,583335
2023-02-10 00:00:00+00:00,457.8599243,462.7999878,473.2000122,460.1000061,464,632416
2023-02-13 00:00:00+00:00,447.8677368,452.7000122,466.75,450,463.5,477173
2023-02-14 00:00:00+00:00,445.2954712,450.1000061,455,444.6000061,454.7000122,505324
2023-02-15 00:00:00+00:00,456.3759155,461.2999878,464.7000122,447.2000122,448.9500122,1247283
2023-02-16 00:00:00+00:00,458.9976501,463.9500122,471,462,463.6499939,870826
2023-02-17 00:00:00+00:00,457.7609863,462.7000122,470.5,460.1000061,462.6499939,489871
2023-02-20 00:00:00+00:00,467.0111389,472.0499878,477.7999878,461.1000061,463,1169223
2023-02-21 00:00:00+00:00,460.8279114,465.7999878,477.7999878,463.2999878,474.2000122,630296
2023-02-22 00:00:00+00:00,452.3197327,457.2000122,468.7000122,455.3500061,463.2999878,420361
2023-02-23 00:00:00+00:00,458.9481812,463.8999939,471.8999939,457.3999939,458,772032
2023-02-24 00:00:00+00:00,455.9801941,460.8999939,468.0499878,458.5,464,565478
2023-02-27 00:00:00+00:00,449.4506531,454.2999878,460.7999878,438,460.5,646184
2023-02-28 00:00:00+00:00,443.3168335,448.1000061,462,445.1000061,456.1000061,381050
2023-03-01 00:00:00+00:00,455.0403748,459.9500122,463,450,451.3500061,448273
2023-03-02 00:00:00+00:00,448.3623962,453.2000122,466.5499878,451.2999878,461.2000122,743257
2023-03-03 00:00:00+00:00,450.9841309,455.8500061,464.7000122,454,457.75,525246
2023-03-06 00:00:00+00:00,453.0122375,457.8999939,462.5499878,454.25,455.8500061,538671
2023-03-08 00:00:00+00:00,447.9171753,452.75,463.7000122,451.25,456.6499939,645986
2023-03-09 00:00:00+00:00,441.7339172,446.5,459.9500122,445.0499878,454,704236
2023-03-10 00:00:00+00:00,431.6427917,436.2999878,454.2000122,434.0499878,445.8999939,1205611
2023-03-13 00:00:00+00:00,401.8641052,406.2000122,424.8999939,403.2999878,414.25,13269484
2023-03-14 00:00:00+00:00,426.795105,431.3999939,436.3999939,410.1000061,415.5,12142642
2023-03-15 00:00:00+00:00,418.5342102,423.0499878,441.8999939,418,439,5340688
2023-03-16 00:00:00+00:00,409.2345276,413.6499939,424,406.7999878,423.0499878,3489547
2023-03-17 00:00:00+00:00,414.0328064,418.5,423.5499878,411.5,419,3624778
2023-03-20 00:00:00+00:00,399.9843445,404.2999878,418.3999939,401.25,418,1790040
2023-03-21 00:00:00+00:00,404.8815308,409.25,411,405,405.8500061,2179679
2023-03-22 00:00:00+00:00,409.2840271,413.7000122,415.7000122,410,410,1256764
2023-03-23 00:00:00+00:00,409.1356201,413.5499878,424.3999939,411,414.3500061,1654842
2023-03-24 00:00:00+00:00,406.365509,410.75,418.7999878,406.75,414.1000061,1176131
2023-03-27 00:00:00+00:00,410.1744385,414.6000061,415.6000061,405,411.8999939,1343413
2023-03-28 00:00:00+00:00,399.8854675,404.2000122,413.8999939,401.1000061,413,1970141
2023-03-29 00:00:00+00:00,410.3228149,414.75,416,405,405.8999939,1781834
2023-03-31 00:00:00+00:00,409.0861816,413.5,424.5,412,418,1387772
2023-04-03 00:00:00+00:00,415.4673157,419.9500122,422.1499939,414.7999878,415.7000122,1074114
2023-04-05 00:00:00+00:00,417.2481079,421.75,424.3999939,419.1000061,421,928669
2023-04-06 00:00:00+00:00,418.7815552,423.2999878,426.7000122,417.2000122,421.7000122,755991
2023-04-10 00:00:00+00:00,414.2801208,418.75,427,417.8999939,426,589290
2023-04-11 00:00:00+00:00,418.1384888,422.6499939,425.6499939,420,421,1076902
2023-04-12 00:00:00+00:00,427.4381409,432.0499878,441,422.6499939,423.0499878,2123272
2023-04-13 00:00:00+00:00,439.6068726,444.3500061,445.8999939,431,434.25,2568253
2023-04-17 00:00:00+00:00,454.2983398,459.2000122,462.25,437.6000061,443.8999939,3113424
2023-04-18 00:00:00+00:00,463.103363,468.1000061,470.8999939,458.3999939,461.1499939,3283950
2023-04-19 00:00:00+00:00,459.7891235,464.75,468.8999939,457.0499878,468.8999939,1081397
2023-04-20 00:00:00+00:00,472.5513916,477.6499939,479.8500061,461,461,3508797
2023-04-21 00:00:00+00:00,461.3720398,466.3500061,477.6000061,462.3500061,476.8500061,1073677
2023-04-24 00:00:00+00:00,452.9132996,457.7999878,468,453.3500061,466.75,973271
2023-04-25 00:00:00+00:00,454.7435608,459.6499939,467,457.7999878,460,704092
2023-04-26 00:00:00+00:00,459.986969,464.9500122,465.9500122,456.2000122,459.6499939,847880
2023-04-27 00:00:00+00:00,465.6755981,470.7000122,473.3999939,462.25,465,703216
2023-04-28 00:00:00+00:00,474.8763123,480,490,474.3500061,474.9500122,2607948
2023-05-02 00:00:00+00:00,481.9499817,487.1499939,494,483,483.5,2112246
2023-05-03 00:00:00+00:00,484.2749329,489.5,498.7000122,482.5499878,485.8999939,1185103
2023-05-04 00:00:00+00:00,492.4368286,497.75,507.3500061,488.4500122,503,3966042
2023-05-05 00:00:00+00:00,494.9596252,500.2999878,511.6000061,492.6000061,497.5,2906461
2023-05-08 00:00:00+00:00,514.4493408,520,527.4000244,502.7999878,504.75,5157621
2023-05-09 00:00:00+00:00,516.1311646,521.7000122,527.3499756,516.2000122,520.9500122,4720804
2023-05-10 00:00:00+00:00,533.6422729,539.4000244,545,519.5999756,523.9000244,5824799
2023-05-11 00:00:00+00:00,541.4084473,547.25,554.2000122,538.1500244,545.25,6443101
2023-05-12 00:00:00+00:00,528.2999268,534,574,530,570,9554296
2023-05-15 00:00:00+00:00,540.7653809,546.5999756,552,524.25,536,4609617
2023-05-16 00:00:00+00:00,537.1049194,542.9000244,554.5,541,548.5,3025986
2023-05-17 00:00:00+00:00,527.1621094,532.8499756,544.3499756,528,544.3499756,2825295
2023-05-18 00:00:00+00:00,515.9827271,521.5499878,537.6500244,520,535,2651993
2023-05-19 00:00:00+00:00,530.0806885,535.7999878,544.75,518,523.0999756,4011432
2023-05-22 00:00:00+00:00,523.204895,528.8499756,542.2999878,527.5499878,535,2036828
2023-05-23 00:00:00+00:00,524.1942139,529.8499756,544.7000122,528.5,532.75,2501404
2023-05-24 00:00:00+00:00,526.2224121,531.9000244,539.4500122,527.4000244,529.9500122,2403036
2023-05-25 00:00:00+00:00,522.7102051,528.3499756,541.5999756,525.75,533.2000122,2665334
2023-05-26 00:00:00+00:00,533.3948975,539.1500244,547.7999878,530.0499878,532.9000244,3362864
2023-05-29 00:00:00+00:00,530.7732544,536.5,552.5999756,535,540.4500122,3976323
2023-05-30 00:00:00+00:00,527.4094849,533.0999756,544.7000122,532,544.7000122,4055275
2023-05-31 00:00:00+00:00,535.7693481,541.5499878,573.4500122,503,511.8999939,81135054
2023-06-01 00:00:00+00:00,524.5404663,530.2000122,547,525.5,539,5829695
2023-06-02 00:00:00+00:00,526.0739746,531.75,537.0499878,528.0999756,536,2220700
2023-06-05 00:00:00+00:00,523.40271,529.0499878,538.6500244,525.0499878,534.6500244,1934956
2023-06-06 00:00:00+00:00,522.4134521,528.0499878,534.9000244,523.9500122,531.7000122,1404825
2023-06-07 00:00:00+00:00,527.2611084,532.9500122,534.6500244,528.3499756,529.9000244,1519065
2023-06-08 00:00:00+00:00,524.9361572,530.5999756,544,528.5499878,534,2628912
2023-06-09 00:00:00+00:00,529.635437,535.3499756,540,529.0999756,533.4000244,3872644
2023-06-12 00:00:00+00:00,523.204895,528.8499756,537.4500122,527.1500244,535.7000122,1088532
2023-06-13 00:00:00+00:00,523.9963379,529.6500244,534.2000122,528.0999756,532,1020347
2023-06-14 00:00:00+00:00,504.4077148,509.8500061,531.7999878,508,531.7999878,2256756
2023-06-15 00:00:00+00:00,508.9091797,514.4000244,518.9000244,512.2999878,512.2999878,1019204
2023-06-16 00:00:00+00:00,514.4493408,520,522.9000244,514.0999756,517.5999756,1214715
2023-06-19 00:00:00+00:00,516.8731689,522.4500122,530,520.0999756,521.75,1182382
2023-06-20 00:00:00+00:00,510.2941589,515.7999878,524.7999878,514.5999756,522.5999756,816671
2023-06-21 00:00:00+00:00,507.3756104,512.8499756,524.7999878,508,518,1682425
2023-06-22 00:00:00+00:00,508.5133667,514,521,512.3499756,516,725732
2023-06-23 00:00:00+00:00,501.4891968,506.8999939,516.9000244,505.2999878,516,668179
2023-06-26 00:00:00+00:00,510.8382874,516.3499756,518,508.4500122,508.5,1286593
2023-06-27 00:00:00+00:00,514.3009644,519.8499756,522.4000244,516.5499878,519.9000244,802623
2023-06-28 00:00:00+00:00,509.4038086,514.9000244,529.8499756,513.2000122,523.7000122,1842935
2023-06-30 00:00:00+00:00,513.3901367,515.8499756,517.9000244,508.1000061,516.9000244,1292014
2023-07-03 00:00:00+00:00,512.3948975,514.8499756,520,514.0499878,516.0499878,788224
2023-07-04 00:00:00+00:00,507.4685364,509.8999939,516.8499756,508.5,516.3499756,776522
2023-07-05 00:00:00+00:00,513.3403931,515.7999878,517.25,509.0499878,511,866807
2023-07-06 00:00:00+00:00,521.4515381,523.9500122,527,515.7999878,515.7999878,1385717
2023-07-07 00:00:00+00:00,532.7473755,535.2999878,540,524.0499878,528,3616985
2023-07-10 00:00:00+00:00,531.7521362,534.2999878,543.8499756,532,537.2000122,2035474
2023-07-11 00:00:00+00:00,537.5743408,540.1500244,548.7999878,538.1500244,540,2123513
2023-07-12 00:00:00+00:00,540.2613525,542.8499756,549.4000244,540.9000244,542.0499878,1847684
2023-07-13 00:00:00+00:00,539.8135986,542.4000244,550.7999878,533,545.7000122,1612941
2023-07-14 00:00:00+00:00,544.6404419,547.25,552,543.25,548,1312952
2023-07-17 00:00:00+00:00,541.8040771,544.4000244,551.4500122,539.25,549.2000122,1182995
2023-07-18 00:00:00+00:00,540.7589722,543.3499756,549,537.0999756,547,862210
2023-07-19 00:00:00+00:00,551.3085327,553.9500122,557.2000122,543.9000244,543.9000244,2227259
2023-07-20 00:00:00+00:00,560.7134399,563.4000244,565,555,555.9000244,1854360
2023-07-21 00:00:00+00:00,569.3718872,572.0999756,581,560.5499878,565,2413588
2023-07-24 00:00:00+00:00,578.0304565,580.7999878,583.2000122,566,573.9000244,2398697
2023-07-25 00:00:00+00:00,591.8641357,594.7000122,598,585.9500122,587,2169996
2023-07-26 00:00:00+00:00,594.4517822,597.2999878,603.9000244,591,596.7999878,2446274
2023-07-27 00:00:00+00:00,588.729126,591.5499878,605,586.2999878,597.5999756,1311424
2023-07-28 00:00:00+00:00,562.4052734,565.0999756,605.25,561.25,596.9000244,3698927
2023-07-31 00:00:00+00:00,567.3814697,570.0999756,575.2999878,555.7999878,555.7999878,1651725
2023-08-01 00:00:00+00:00,564.3460083,567.0499878,575,565.0999756,575,1037389
2023-08-02 00:00:00+00:00,551.9553833,554.5999756,568.75,547,566,1355336
2023-08-03 00:00:00+00:00,560.7631836,563.4500122,567.5,549.0499878,549.0499878,1425261
2023-08-04 00:00:00+00:00,555.0903931,557.75,566.5,549.0999756,565,638424
2023-08-07 00:00:00+00:00,553.8960571,556.5499878,560,553.2999878,557.75,569876
2023-08-08 00:00:00+00:00,553.8463135,556.5,561.9500122,552.5,557.7999878,981629
2023-08-09 00:00:00+00:00,551.855835,554.5,560.3499756,553.3499756,556.5,540961
2023-08-10 00:00:00+00:00,557.6779175,560.3499756,562.4500122,554.5,555,724768
2023-08-11 00:00:00+00:00,553.0003662,555.6500244,560,554.0999756,560,1169346
2023-08-14 00:00:00+00:00,547.0787964,549.7000122,554.9500122,535.1500244,554.9500122,1954468
2023-08-16 00:00:00+00:00,551.855835,554.5,560,548.0499878,550,1074965
2023-08-17 00:00:00+00:00,564.1967773,566.9000244,571.5999756,555.0999756,555.0999756,1689856
2023-08-18 00:00:00+00:00,564.1469727,566.8499756,576.5,565,569,1444993
2023-08-21 00:00:00+00:00,588.0822754,590.9000244,594.9000244,570.0499878,570.0499878,2154652
2023-08-22 00:00:00+00:00,608.4347534,611.3499756,616.3499756,593.1500244,596.9000244,3295859
2023-08-23 00:00:00+00:00,584.00177,586.7999878,625.9500122,581.0499878,619.3499756,3431091
2023-08-24 00:00:00+00:00,586.1913452,589,599.75,587.0999756,591,1217431
2023-08-25 00:00:00+00:00,583.1558838,585.9500122,590,573.2000122,590,1151562
2023-08-28 00:00:00+00:00,587.5348511,590.3499756,594.4000244,585.3499756,589.4000244,582820
2023-08-29 00:00:00+00:00,577.1845093,579.9500122,593.7000122,578.0999756,590.3499756,1190928
2023-08-30 00:00:00+00:00,576.637146,579.4000244,584.4000244,573.5999756,580.9500122,1245028
2023-08-31 00:00:00+00:00,592.7598267,595.5999756,605.75,578.0499878,581.9500122,3932793
2023-09-01 00:00:00+00:00,589.4258423,592.25,598.9500122,587.75,597.75,831685
2023-09-04 00:00:00+00:00,580.468811,583.25,597.7999878,582.1500244,596,1018935
2023-09-05 00:00:00+00:00,576.1395874,578.9000244,593.6500244,578,589.8499756,876543
2023-09-06 00:00:00+00:00,572.3078613,575.0499878,587,573.0499878,583.9500122,765700
2023-09-07 00:00:00+00:00,580.8668823,583.6500244,593.6500244,575.5,578.7000122,1182455
2023-09-08 00:00:00+00:00,589.0775757,591.9000244,593,581.1500244,588.5,745266
2023-09-11 00:00:00+00:00,602.4136353,605.2999878,608,587.4500122,594.5499878,1645727
2023-09-12 00:00:00+00:00,580.8668823,583.6500244,610,579.0499878,607.5,1654348
2023-09-13 00:00:00+00:00,568.8743286,571.5999756,586.5,566.0499878,584,1863052
2023-09-14 00:00:00+00:00,584.2008667,587,594.4000244,582.0499878,587,934075
2023-09-15 00:00:00+00:00,596.3924561,599.25,601.75,582.5499878,589.7000122,1521844
2023-09-18 00:00:00+00:00,596.0441284,598.9000244,600,587,598,1034472
2023-09-20 00:00:00+00:00,600.3236084,603.2000122,612.9000244,585.8499756,593,1783825
2023-09-21 00:00:00+00:00,588.132019,590.9500122,618,585.2999878,598,1867914
2023-09-22 00:00:00+00:00,577.2839966,580.0499878,596.5999756,579.0499878,596.5999756,606387
2023-09-25 00:00:00+00:00,566.6848145,569.4000244,585.75,567.5,582.6500244,1152480
2023-09-26 00:00:00+00:00,574.5471191,577.2999878,584.9000244,571.4000244,571.5999756,878926
2023-09-27 00:00:00+00:00,587.5846558,590.4000244,593,577.2999878,579.9000244,623755
2023-09-28 00:00:00+00:00,577.0849609,579.8499756,595.75,577,594,549407
2023-09-29 00:00:00+00:00,580.618103,583.4000244,587.0999756,580,583,409420
2023-10-03 00:00:00+00:00,582.4094849,585.2000122,586.9500122,576.5999756,583.2999878,483018
2023-10-04 00:00:00+00:00,570.2676392,573,585,572.1500244,581,699871
2023-10-05 00:00:00+00:00,569.8197632,572.5499878,579.9000244,570.5,577,652691
2023-10-06 00:00:00+00:00,566.3861694,569.0999756,577.9000244,568,573.7999878,807264
2023-10-09 00:00:00+00:00,552.4529419,555.0999756,566,550.2999878,565.4000244,1172173
2023-10-10 00:00:00+00:00,551.6070557,554.25,563,551.5,558,1008953
2023-10-11 00:00:00+00:00,556.9813232,559.6500244,568.5999756,556.0999756,558.8499756,996464
2023-10-12 00:00:00+00:00,557.9267578,560.5999756,565.9500122,557.2999878,563.75,475700
2023-10-13 00:00:00+00:00,557.4291382,560.0999756,561.7000122,557.1500244,558.9500122,357793
2023-10-16 00:00:00+00:00,556.9813232,559.6500244,563.5999756,557.7000122,560.0499878,277010
2023-10-17 00:00:00+00:00,556.7822876,559.4500122,563.6500244,555,561.5,594822
2023-10-18 00:00:00+00:00,555.9362793,558.5999756,563.4000244,551.5,562.9500122,578227
2023-10-19 00:00:00+00:00,546.7802124,549.4000244,558.2000122,548.6500244,555.0999756,500130
2023-10-20 00:00:00+00:00,537.9226685,540.5,551.0499878,535.9000244,549.4000244,1321108
2023-10-23 00:00:00+00:00,506.5231018,508.9500122,545.9000244,502.8999939,544.5,1531268
2023-10-25 00:00:00+00:00,510.3049316,512.75,517,488.1000061,511.25,1626925
2023-10-26 00:00:00+00:00,543.5457153,546.1500244,553.0499878,518.9000244,520,8247071
2023-10-27 00:00:00+00:00,548.5715942,551.2000122,563.4000244,545,546.1500244,1816563
2023-10-30 00:00:00+00:00,543.9437256,546.5499878,555.2000122,542.3499756,554.4000244,989644
2023-10-31 00:00:00+00:00,538.9178467,541.5,557.0499878,540.1500244,550.0499878,1400438
2023-11-01 00:00:00+00:00,539.9628296,542.5499878,551,540.6500244,542.9000244,561655
2023-11-02 00:00:00+00:00,538.868103,541.4500122,548.7999878,539.75,544.5,591842
2023-11-03 00:00:00+00:00,545.8347168,548.4500122,549.9000244,540.2999878,543.5,784444
2023-11-06 00:00:00+00:00,553.4979858,556.1500244,560,547.1500244,551.6500244,580483
2023-11-07 00:00:00+00:00,561.2608032,563.9500122,565,555.0499878,559.4000244,1020888
2023-11-08 00:00:00+00:00,559.9172363,562.5999756,567.75,558.3499756,567.7000122,498569
2023-11-09 00:00:00+00:00,562.6043091,565.2999878,566.6500244,555.2000122,562.8499756,721273
2023-11-10 00:00:00+00:00,562.5545654,565.25,568.4500122,561.2999878,565,736785
2023-11-13 00:00:00+00:00,557.2798462,559.9500122,572.75,558,570,738903
2023-11-15 00:00:00+00:00,585.4449463,588.25,592.9500122,564.25,568.9500122,2325445
2023-11-16 00:00:00+00:00,576.4381104,579.2000122,603.9000244,575.5999756,592.7000122,1868117
2023-11-17 00:00:00+00:00,583.0065918,585.7999878,590.5999756,577.1500244,580.4000244,1018975
2023-11-20 00:00:00+00:00,576.487854,579.25,592,575.5999756,586.4000244,487724
2023-11-21 00:00:00+00:00,582.7080078,585.5,598.4000244,568.9000244,580.9500122,1656263
2023-11-22 00:00:00+00:00,575.3930664,578.1500244,588.5999756,574.25,586.9500122,860263
2023-11-23 00:00:00+00:00,573.0045166,575.75,582.9000244,572,579.6500244,479014
2023-11-24 00:00:00+00:00,565.4407959,568.1500244,577.7000122,566.9500122,575.9000244,986656
2023-11-28 00:00:00+00:00,555.5880127,558.25,573.4000244,555.5,572.4000244,1375997
2023-11-29 00:00:00+00:00,552.1544189,554.7999878,564.7000122,551.25,563,1285471
2023-11-30 00:00:00+00:00,555.3391724,558,562.5999756,551.5,555.5999756,3660273
2023-12-01 00:00:00+00:00,559.4694214,562.1500244,566,556,563.5,2072845
2023-12-04 00:00:00+00:00,559.668396,562.3499756,571.7999878,559,565,1681465
2023-12-05 00:00:00+00:00,575.9902344,578.75,579.9500122,562.5499878,562.7999878,1670248
2023-12-06 00:00:00+00:00,569.6207275,572.3499756,585.5,569.0999756,583,836932
2023-12-07 00:00:00+00:00,574.4973755,577.25,584.5499878,573.0499878,575.4000244,837733
2023-12-08 00:00:00+00:00,569.0733643,571.7999878,583.2999878,570.2999878,580,706183
2023-12-11 00:00:00+00:00,567.2819214,570,573,566.25,571.7999878,378595
2023-12-12 00:00:00+00:00,555.0903931,557.75,571.7000122,554.0499878,570,878426
2023-12-13 00:00:00+00:00,553.2989502,555.9500122,562.5999756,552.5999756,562.5999756,807360
2023-12-14 00:00:00+00:00,555.4386597,558.0999756,562.25,555.3499756,559.5999756,552515
2023-12-15 00:00:00+00:00,550.1639404,552.7999878,562.6500244,548.5,560,1254239
2023-12-18 00:00:00+00:00,560.0167847,562.7000122,570.7999878,552.9500122,556.5,1685214
2023-12-19 00:00:00+00:00,557.6779175,560.3499756,567.7999878,559.0999756,564.7000122,1918653
2023-12-20 00:00:00+00:00,535.4345093,538,567.5,534.25,564,2182459
2023-12-21 00:00:00+00:00,568.675293,571.4000244,573.75,531.5999756,538,3442828
2023-12-22 00:00:00+00:00,574.2485352,577,580.9000244,571.6500244,575,1187816
2023-12-26 00:00:00+00:00,576.0897217,578.8499756,589.7999878,576,579.9500122,962004
2023-12-27 00:00:00+00:00,611.5697632,614.5,625.7000122,581,582,10419288
2023-12-28 00:00:00+00:00,628.7872314,631.7999878,636.8499756,608,618,7406636
2023-12-29 00:00:00+00:00,641.4266968,644.5,651.6500244,633.0999756,639.0499878,4121670
2024-01-01 00:00:00+00:00,642.571228,645.6500244,657.9000244,639.5999756,646,2080698
2024-01-02 00:00:00+00:00,638.6400757,641.7000122,651.7000122,630,646,1783141
2024-01-03 00:00:00+00:00,635.0074463,638.0499878,643.8499756,630.0999756,643.5,1062492
2024-01-04 00:00:00+00:00,645.4076538,648.5,669.9500122,638.3499756,640.25,3434482
2024-01-05 00:00:00+00:00,644.0142212,647.0999756,662.8499756,644.1500244,650.8499756,1446002
2024-01-08 00:00:00+00:00,635.0571899,638.0999756,649.25,635.5,648,801005
2024-01-09 00:00:00+00:00,634.5098267,637.5499878,646.5,632.1500244,641.0999756,956631
2024-01-10 00:00:00+00:00,611.7687988,614.7000122,643,611.0499878,640,2299073
2024-01-11 00:00:00+00:00,603.8069458,606.7000122,624.5,605.0499878,617.5,2528881
2024-01-12 00:00:00+00:00,602.4633789,605.3499756,611.4000244,602.6500244,607.2999878,1518070
2024-01-15 00:00:00+00:00,602.4633789,605.3499756,605.3499756,605.3499756,605.3499756,0
2024-01-16 00:00:00+00:00,586.8382568,589.6500244,599.7999878,585,597.9500122,1419145
2024-01-17 00:00:00+00:00,574.3480835,577.0999756,588.75,575,587.5,1370375
2024-01-18 00:00:00+00:00,574.1987915,576.9500122,581.25,562.0999756,577,1231476
2024-01-19 00:00:00+00:00,582.1606445,584.9500122,587.6500244,574,581.5999756,1622887
2024-01-23 00:00:00+00:00,577.1845093,579.9500122,591.5,571.25,590.0999756,1948854
2024-01-24 00:00:00+00:00,582.9071045,585.7000122,599,578.5,599,2193213
2024-01-25 00:00:00+00:00,582.6085205,585.4000244,590.5499878,578.5,585.25,1029950
2024-01-29 00:00:00+00:00,594.4517822,597.2999878,599,587,590,1113808
2024-01-30 00:00:00+00:00,594.0537109,596.9000244,608.4000244,591.6500244,597.3499756,1891243
2024-01-31 00:00:00+00:00,615.2521362,618.2000122,620.0999756,593.1500244,596.9000244,2892565
2024-02-01 00:00:00+00:00,626.2493896,629.25,632.7000122,620,622.1500244,1660958
2024-02-02 00:00:00+00:00,627.3441772,630.3499756,641,619.25,629.4000244,1737527
2024-02-05 00:00:00+00:00,637.9990845,639.5,646.2000122,626.1500244,630.3499756,1141079
2024-02-06 00:00:00+00:00,629.8183594,631.2999878,646.9000244,625,635.0999756,1086519
2024-02-07 00:00:00+00:00,625.9275513,627.4000244,636.5,621.8499756,635,567480
2024-02-08 00:00:00+00:00,606.1240845,607.5499878,629.9500122,603.25,629.5,761555
2024-02-09 00:00:00+00:00,617.8963623,619.3499756,621.8499756,590.7000122,607,794470
2024-02-12 00:00:00+00:00,592.5560303,593.9500122,627.9000244,585,627,613057
2024-02-13 00:00:00+00:00,582.0307617,583.4000244,599.1500244,581.25,593.9500122,544785
2024-02-14 00:00:00+00:00,604.8770142,606.2999878,613.5,580,580,1259798
2024-02-15 00:00:00+00:00,611.7608643,613.2000122,617.5,608.3499756,616.1500244,566335
2024-02-16 00:00:00+00:00,612.4592285,613.9000244,626.0999756,611.4500122,616,724514
2024-02-19 00:00:00+00:00,613.3570557,614.7999878,623.2999878,612.0499878,618,743984
2024-02-20 00:00:00+00:00,638.3482666,639.8499756,656.5,618.5999756,619.8499756,5326806
2024-02-21 00:00:00+00:00,610.862915,612.2999878,642,608.5,642,1516659
2024-02-22 00:00:00+00:00,611.5114136,612.9500122,616.9500122,605.7000122,615,1034652
2024-02-23 00:00:00+00:00,647.7261963,649.25,652,617.2999878,642.7999878,4777513
2024-02-26 00:00:00+00:00,662.5413208,664.0999756,669.8499756,643.0499878,650,2873080
2024-02-27 00:00:00+00:00,686.4849854,688.0999756,694.7999878,665,666,4604527
2024-02-28 00:00:00+00:00,659.2490845,660.7999878,691.5,655,689,2014512
2024-02-29 00:00:00+00:00,687.7320557,689.3499756,718.8499756,653.0499878,654,8128571
2024-03-01 00:00:00+00:00,669.774292,671.3499756,696,668.2000122,693.3499756,1345119
2024-03-04 00:00:00+00:00,671.3706055,672.9500122,694.2000122,671,694.2000122,1516854
2024-03-05 00:00:00+00:00,678.6035767,680.2000122,687,671.25,677,1165243
2024-03-06 00:00:00+00:00,679.7009888,681.2999878,686.7000122,663.1500244,681,1282712
2024-03-07 00:00:00+00:00,682.7438354,684.3499756,695.25,678.5,680.5,2177919
2024-03-11 00:00:00+00:00,699.7039185,701.3499756,715.2000122,682.5499878,690,2312254
2024-03-12 00:00:00+00:00,685.3377686,686.9500122,708,679.5,703.4500122,1391629
2024-03-13 00:00:00+00:00,640.9920654,642.5,688.0499878,603.6500244,684,6954030
2024-03-14 00:00:00+00:00,637.4005127,638.9000244,648,622.0499878,629.2999878,2642690
2024-03-15 00:00:00+00:00,640.0941162,641.5999756,647.1500244,626.4000244,639,1970945
2024-03-18 00:00:00+00:00,661.4938354,663.0499878,669.0999756,645,645,2360158
2024-03-19 00:00:00+00:00,652.2655029,653.7999878,664.4000244,648,664,1064611
2024-03-20 00:00:00+00:00,636.3529663,637.8499756,653.5499878,631.0999756,649.9000244,1353887
2024-03-21 00:00:00+00:00,677.3066406,678.9000244,687.7000122,644.5999756,644.8499756,3073721
2024-03-22 00:00:00+00:00,689.8272095,691.4500122,698.7000122,674.0499878,676.7999878,2338126
2024-03-26 00:00:00+00:00,697.9580078,699.5999756,704.7000122,685.0999756,689.9000244,2601520
2024-03-27 00:00:00+00:00,679.850647,681.4500122,716,678,703,1814402
2024-03-28 00:00:00+00:00,704.2931519,705.9500122,711.9000244,671.9500122,685.5999756,1914651
2024-04-01 00:00:00+00:00,682.5941772,684.2000122,714,682.9000244,709.9500122,1313357
2024-04-02 00:00:00+00:00,676.6082764,678.2000122,697.6500244,675,689.5999756,1237754
2024-04-03 00:00:00+00:00,668.9263306,670.5,689,662.75,684.0999756,1790061
2024-04-04 00:00:00+00:00,661.5936279,663.1500244,680.6500244,662,680.5499878,1361499
2024-04-05 00:00:00+00:00,661.0448608,662.5999756,678.9000244,659.2000122,665,1073942
2024-04-08 00:00:00+00:00,644.2843018,645.7999878,667,642.5,667,1321109
2024-04-09 00:00:00+00:00,642.4885254,644,663.3499756,643,649.4000244,1378613
2024-04-10 00:00:00+00:00,650.1704712,651.7000122,673.2000122,645,650,2534713
2024-04-12 00:00:00+00:00,678.4040527,680,706.0999756,660.0999756,665,9623414
2024-04-15 00:00:00+00:00,664.3870239,665.9500122,679,652,662.0499878,1527913
2024-04-16 00:00:00+00:00,675.8101807,677.4000244,687.9000244,658.0999756,660,1533800
2024-04-18 00:00:00+00:00,675.9099121,677.5,691,673.5999756,688,1354164
2024-04-19 00:00:00+00:00,679.651123,681.25,687.7000122,660.0499878,669.9500122,1542489
2024-04-22 00:00:00+00:00,659.6481934,661.2000122,680.9500122,656.8499756,671,1125028
2024-04-23 00:00:00+00:00,663.5390015,665.0999756,673.7999878,654.25,666,1516622
2024-04-24 00:00:00+00:00,665.2349854,666.7999878,681,665.0499878,668.4500122,1410198
2024-04-25 00:00:00+00:00,665.8336182,667.4000244,673.7000122,659.0999756,666.5,1254468
2024-04-26 00:00:00+00:00,646.1798706,647.7000122,671.25,646.5,667.4000244,1311938
2024-04-29 00:00:00+00:00,635.3552856,636.8499756,654.2000122,633.2000122,650,1663062
2024-04-30 00:00:00+00:00,623.8822632,625.3499756,642,624,638.8499756,2251053
2024-05-02 00:00:00+00:00,606.8224487,608.25,647,604.6500244,647,3894011
2024-05-03 00:00:00+00:00,608.817749,610.25,620.9000244,607,614.4500122,2226760
2024-05-06 00:00:00+00:00,605.2261963,606.6500244,619,605.5499878,615,796509
2024-05-07 00:00:00+00:00,612.8582153,614.2999878,616.5499878,600.2000122,608,1836754
2024-05-08 00:00:00+00:00,613.0578003,614.5,618.1500244,606,613.9000244,897463
2024-05-09 00:00:00+00:00,604.0789185,605.5,623,600.7000122,615.5,1644309
2024-05-10 00:00:00+00:00,588.8148193,590.2000122,609.4000244,588,608.4500122,1625619
2024-05-13 00:00:00+00:00,569.31073,570.6500244,591.5,565,590.9500122,3818228
2024-05-14 00:00:00+00:00,578.3394775,579.7000122,582.75,567.9000244,571.7999878,1646972
2024-05-15 00:00:00+00:00,603.1311035,604.5499878,608,581.4000244,585.9500122,3613180
2024-05-16 00:00:00+00:00,603.6299438,605.0499878,612.9500122,601.8499756,610.5999756,1031717
2024-05-17 00:00:00+00:00,611.3118896,612.75,614,598.1500244,605.0499878,1271390
2024-05-21 00:00:00+00:00,635.8042603,637.2999878,643,608.5999756,613,3302217
2024-05-22 00:00:00+00:00,631.6140747,633.0999756,647.9000244,631.0499878,639.7000122,1223389
2024-05-23 00:00:00+00:00,626.2268066,627.7000122,641.75,626.4000244,633.7999878,935640
2024-05-24 00:00:00+00:00,628.9204712,630.4000244,639.4000244,625.9000244,627.6500244,1399970
2024-05-27 00:00:00+00:00,634.8065796,636.2999878,640.5999756,628.0499878,633.75,956197
2024-05-28 00:00:00+00:00,619.442749,620.9000244,643.75,617,638,783966
2024-05-29 00:00:00+00:00,629.2197876,630.7000122,633.2999878,610.5499878,623.4000244,1091008
2024-05-30 00:00:00+00:00,636.5524902,638.0499878,644.9000244,618.5,624,1758146
2024-05-31 00:00:00+00:00,649.5718384,651.0999756,657,616.5999756,640,6813576
2024-06-03 00:00:00+00:00,657.0043945,658.5499878,676,655.7999878,675,1400844
2024-06-04 00:00:00+00:00,632.0131836,633.5,659.9500122,605,659,2563435
2024-06-05 00:00:00+00:00,659.8477173,661.4000244,665.0499878,614.0999756,635,1555292
2024-06-06 00:00:00+00:00,655.4580078,657,672.9500122,652,664.7999878,698455
2024-06-07 00:00:00+00:00,662.890564,664.4500122,665.9500122,650.0999756,655,843536
2024-06-10 00:00:00+00:00,658.6505127,660.2000122,672.0999756,658.4000244,670,865101
2024-06-11 00:00:00+00:00,649.7713623,651.2999878,666,648.7999878,663.75,506267
2024-06-12 00:00:00+00:00,660.7954712,662.3499756,668.3499756,654.5,654.5,1327291
2024-06-13 00:00:00+00:00,650.3699951,651.9000244,664.5999756,651,660.4000244,996441
2024-06-14 00:00:00+00:00,648.2999878,648.2999878,654.9000244,640.1500244,652,1704350
2024-06-18 00:00:00+00:00,641.2999878,641.2999878,662,637.6500244,654,1549934
2024-06-19 00:00:00+00:00,642.9000244,642.9000244,664.2999878,641,653,2423762
2024-06-20 00:00:00+00:00,637.7000122,637.7000122,644.0999756,633.0999756,642.9000244,968158
2024-06-21 00:00:00+00:00,629.0499878,629.0499878,643.1500244,626.5,639.9000244,1369141
2024-06-24 00:00:00+00:00,637.5499878,637.5499878,640.9000244,625.0999756,629.0499878,616902
2024-06-25 00:00:00+00:00,633.9000244,633.9000244,639.0999756,629,637.5499878,441400
2024-06-26 00:00:00+00:00,640.0999756,640.0999756,648,629.0499878,633.9000244,926986
2024-06-27 00:00:00+00:00,647.3499756,647.3499756,651.9000244,640.25,650,1142754
2024-06-28 00:00:00+00:00,641,641,649,636.2000122,649,717115
2024-07-01 00:00:00+00:00,669.5999756,669.5999756,672,641.8499756,644.75,2073935
2024-07-02 00:00:00+00:00,670.9500122,670.9500122,684.2999878,667,672.5,1591881
2024-07-03 00:00:00+00:00,670.7999878,670.7999878,683.9000244,661.5,673,942172
2024-07-04 00:00:00+00:00,666.9000244,666.9000244,678.9000244,660,671.0499878,769961
2024-07-05 00:00:00+00:00,656.9000244,656.9000244,666.9000244,652.9000244,666.9000244,1169183
2024-07-08 00:00:00+00:00,675.0499878,675.0499878,681.9000244,656,656.4500122,1506819
2024-07-09 00:00:00+00:00,680.1500244,680.1500244,690,676.5499878,676.9000244,1670930
2024-07-10 00:00:00+00:00,689.9500122,689.9500122,692.9000244,662.6500244,680.1500244,1838313
2024-07-11 00:00:00+00:00,719.9000244,719.9000244,744.2999878,692,692.9000244,11050793
2024-07-12 00:00:00+00:00,724.4000244,724.4000244,738.25,715.5499878,720,2612054
2024-07-15 00:00:00+00:00,725.4500122,725.4500122,764.5,712.0499878,731.5999756,3439391
2024-07-16 00:00:00+00:00,714.1500244,714.1500244,731.0999756,708.5,727.5999756,792233
2024-07-18 00:00:00+00:00,711.5,711.5,721.9000244,701.75,710,1328438
2024-07-19 00:00:00+00:00,693.5,693.5,711,682,711,1129597
2024-07-22 00:00:00+00:00,708,708,710,678,686.9500122,1191022
2024-07-23 00:00:00+00:00,698.0499878,698.0499878,710.5,681.7000122,708,1200719
2024-07-24 00:00:00+00:00,687.4500122,687.4500122,705,686,703,487844
2024-07-25 00:00:00+00:00,697.9000244,697.9000244,718,688.75,699,3355349
2024-07-26 00:00:00+00:00,690.25,690.25,715.2999878,688,704.8499756,1069519
2024-07-29 00:00:00+00:00,685.0499878,685.0499878,696.2999878,680.0499878,695.8499756,1145859
2024-07-30 00:00:00+00:00,679,679,703,676.1500244,693.0499878,1868439
2024-07-31 00:00:00+00:00,679.25,679.25,683.4500122,666.6500244,682.7000122,1659742
2024-08-01 00:00:00+00:00,672.5499878,672.5499878,683.0999756,668.25,679,792866
2024-08-02 00:00:00+00:00,689.2000122,689.2000122,693,663.4000244,664.9000244,1217493
2024-08-05 00:00:00+00:00,658.3499756,658.3499756,676.75,647.5999756,671,3095537
2024-08-06 00:00:00+00:00,651.3499756,651.3499756,674.7999878,648.5999756,655.5499878,721444
2024-08-07 00:00:00+00:00,655.6500244,655.6500244,669.4500122,650.0499878,669.4500122,528032
2024-08-08 00:00:00+00:00,655.2999878,655.2999878,667.8499756,648.7000122,657.4000244,1150238
2024-08-09 00:00:00+00:00,678.7999878,678.7999878,689,662.25,663.4000244,2076432
2024-08-12 00:00:00+00:00,665.6500244,665.6500244,677.3499756,660.0999756,670.0999756,1234517
2024-08-13 00:00:00+00:00,659.5,659.5,675.2000122,657.0999756,665,721791
2024-08-14 00:00:00+00:00,652.3499756,652.3499756,667.75,643.75,665.4500122,1816896
2024-08-16 00:00:00+00:00,686.7000122,686.7000122,691.2999878,656.4000244,656.7000122,1924721
2024-08-19 00:00:00+00:00,690.4000244,690.4000244,695.5999756,679,693.9000244,553062
2024-08-20 00:00:00+00:00,699.5999756,699.5999756,702.2000122,681.5999756,694.75,666703
2024-08-21 00:00:00+00:00,681.9500122,681.9500122,701.75,680.2000122,700,980338
2024-08-22 00:00:00+00:00,689.9500122,689.9500122,695.4500122,684.2999878,684.9000244,783372
2024-08-23 00:00:00+00:00,695.3499756,695.3499756,700.25,685.2999878,689.8499756,740655
2024-08-26 00:00:00+00:00,715.7000122,715.7000122,719.5,690.1500244,695.6500244,1494572
2024-08-27 00:00:00+00:00,707.4500122,707.4500122,736.9000244,696.2999878,719.2999878,2966671
2024-08-28 00:00:00+00:00,700.0999756,700.0999756,717.9500122,697,705,1089403
2024-08-29 00:00:00+00:00,689.1500244,689.1500244,722.2999878,686,700.1500244,1577836
2024-08-30 00:00:00+00:00,683.3499756,683.3499756,698.7000122,678,691.9500122,2415730
2024-09-02 00:00:00+00:00,715.0499878,715.0499878,729.9000244,682.5,685,5417373
2024-09-03 00:00:00+00:00,710.7999878,710.7999878,736.5,707,722,2659537
2024-09-04 00:00:00+00:00,722.4000244,722.4000244,732.5999756,701.5,703.3499756,2386638
2024-09-05 00:00:00+00:00,733.8499756,733.8499756,752.4000244,721.7000122,750,5450342
2024-09-06 00:00:00+00:00,718.9000244,718.9000244,737.8499756,716,737.8499756,2095248
2024-09-09 00:00:00+00:00,700.1500244,700.1500244,714.9000244,685.5999756,714.9000244,1527955
2024-09-10 00:00:00+00:00,713.4000244,713.4000244,725.7999878,703.9000244,707.2000122,2571346
2024-09-11 00:00:00+00:00,725.4000244,725.4000244,738.3499756,715.5999756,719.9500122,2358392
2024-09-12 00:00:00+00:00,726.0499878,726.0499878,737.7999878,718.9000244,719,1373502
2024-09-13 00:00:00+00:00,724.25,724.25,746,721.7000122,731.8499756,1394286
2024-09-16 00:00:00+00:00,733.6500244,733.6500244,737.5,725,730,684524
2024-09-17 00:00:00+00:00,745.4000244,745.4000244,758.6500244,735.9500122,738,3270902
2024-09-18 00:00:00+00:00,717.5499878,717.5499878,750.7000122,711.2000122,742,2317400
2024-09-19 00:00:00+00:00,728.5,728.5,738.7999878,698,723.2999878,1576534
2024-09-20 00:00:00+00:00,748.3499756,748.3499756,759.4500122,725.0499878,732,5302786
2024-09-23 00:00:00+00:00,750.2000122,750.2000122,768.6500244,743.75,763.3499756,1628786
2024-09-24 00:00:00+00:00,735.9000244,735.9000244,753.9500122,734.0499878,749,943870
2024-09-25 00:00:00+00:00,730.0499878,730.0499878,736.4500122,714.0499878,735,2492409
2024-09-26 00:00:00+00:00,744.0999756,744.0999756,755.4500122,730,742.9500122,4039878
2024-09-27 00:00:00+00:00,735.4500122,735.4500122,743.9500122,730.8499756,743.9500122,1177716
2024-09-30 00:00:00+00:00,743.4000244,743.4000244,746.2999878,728.6500244,734,864479
2024-10-01 00:00:00+00:00,731.0499878,731.0499878,745.7000122,728.1500244,742,1344430
2024-10-03 00:00:00+00:00,706.5999756,706.5999756,722.6500244,703,716.25,1381904
2024-10-04 00:00:00+00:00,696.7999878,696.7999878,711,686.5499878,711,1983326
2024-10-07 00:00:00+00:00,675.4500122,675.4500122,694.5,664.2999878,694,3099047
2024-10-08 00:00:00+00:00,673.4500122,673.4500122,680.9500122,666.1500244,668.5999756,1549976
2024-10-09 00:00:00+00:00,673.0999756,673.0999756,694,670.5999756,682,1574020
2024-10-10 00:00:00+00:00,670.7999878,670.7999878,682,665,675,2571951
2024-10-11 00:00:00+00:00,665.0999756,665.0999756,677,661.5,675,761195
2024-10-14 00:00:00+00:00,660.0999756,660.0999756,668.25,656.5999756,666.6500244,1692063
2024-10-15 00:00:00+00:00,656.7999878,656.7999878,669.9500122,655.2000122,665.9500122,1137736
2024-10-16 00:00:00+00:00,662.5499878,662.5499878,666.5499878,652.9000244,659,1224255
2024-10-17 00:00:00+00:00,648.5999756,648.5999756,665.4000244,643.2000122,663.5499878,2594238
2024-10-18 00:00:00+00:00,637.2999878,637.2999878,653.7000122,635,648.5999756,1557380
2024-10-21 00:00:00+00:00,633.5499878,633.5499878,639,626.8499756,637.2999878,2147746
2024-10-22 00:00:00+00:00,635.3499756,635.3499756,649.7000122,632.0499878,639,3989483
2024-10-23 00:00:00+00:00,644.0999756,644.0999756,654.7000122,629.0499878,630.1500244,1610895
2024-10-24 00:00:00+00:00,729.4500122,729.4500122,744.9000244,663.75,664,27594688
2024-10-25 00:00:00+00:00,699.25,699.25,732.2999878,695,727.5,2648854
2024-10-28 00:00:00+00:00,690.8499756,690.8499756,709.7999878,684.0499878,699.25,4605722
2024-10-29 00:00:00+00:00,686.2000122,686.2000122,703.2999878,670.5499878,691.7999878,1177278
2024-10-30 00:00:00+00:00,685.25,685.25,692.6500244,679,682,2147148
2024-10-31 00:00:00+00:00,685.7000122,685.7000122,691,669.7999878,683,984886
2024-11-01 00:00:00+00:00,697.2000122,697.2000122,720,686.4500122,686.4500122,321861
2024-11-04 00:00:00+00:00,688.9000244,688.9000244,700.8499756,680.4500122,700.8499756,696834
2024-11-05 00:00:00+00:00,688.9000244,688.9000244,697.75,675.25,687.7999878,1178166
2024-11-06 00:00:00+00:00,709.3499756,709.3499756,716.5499878,690,692,1939077
2024-11-07 00:00:00+00:00,704.6500244,704.6500244,720.9000244,703.2999878,709.7000122,955455
2024-11-08 00:00:00+00:00,704,704,709.9000244,698.25,707.7999878,1522921
